F#,Smean,Ssd,Fmean,Fsd,Pvalue,CohenD
F1,4.502,1.5838055436195442,7.525,1.3009675886303496,0.00043963875262656454,-2.0858306464829783
F2,4.502,1.5838055436195442,3.561,0.6125620150011116,0.28973706282213785,0.7836672077490973
F3,4.502,1.5838055436195442,3.6390000000000002,0.9852518008667182,0.25666036991585695,0.654317481256332
