F#,Smean,Ssd,Fmean,Fsd,Pvalue,CohenD
F1,6.372,1.25686382184653,10.225999999999999,0.6024616170346458,0.00018165114609146497,-3.9104574437468096
F2,6.372,1.25686382184653,9.329,0.9899096479533427,0.0005800603714706721,-2.6138334716544556
F3,6.372,1.25686382184653,9.734166666666667,0.9607994619381333,0.00019411709508832014,-3.045719983899382
F4,6.372,1.25686382184653,10.6,0.7213105356841039,0.00018165114609146497,-4.126109874682543
