F#,Smean,Ssd,Fmean,Fsd,Pvalue
F1,6.372,1.25686382184653,10.225999999999999,0.6024616170346458,0.00018165114609146497
F2,6.372,1.25686382184653,9.329,0.9899096479533427,0.0005800603714706721
F3,6.372,1.25686382184653,9.734166666666667,0.9607994619381333,0.00019411709508832014
F4,6.372,1.25686382184653,10.6,0.7213105356841039,0.00018165114609146497
